[{"model": "housing.renter", "pk": 1, "fields": {"email": "ahmad@hotmail.com", "firstname": "Yilin", "lastname": "An", "gender": "male", "renter_pwd": "hahjgf9838", "phone": "7184721800", "carplate": "132SBVB", "balance": 0.0, "birthday": "1990-09-08", "country": "China"}}, {"model": "housing.renter", "pk": 2, "fields": {"email": "andrei@yahoo.com", "firstname": "Sushil", "lastname": "Dominique", "gender": "female", "renter_pwd": "fgra44re", "phone": "2122793166", "carplate": "124SBVC", "balance": 0.0, "birthday": "1998-07-06", "country": "India"}}, {"model": "housing.renter", "pk": 3, "fields": {"email": "carmena@verizon.net", "firstname": "Tianyi", "lastname": "Wang", "gender": "male", "renter_pwd": "ag4t4grag", "phone": "7189323312", "carplate": "117SBVH", "balance": 0.0, "birthday": "1995-09-06", "country": "China"}}, {"model": "housing.renter", "pk": 4, "fields": {"email": "greear@gmail.com", "firstname": "Andrew", "lastname": "Savotor", "gender": "male", "renter_pwd": "ijt9880fja", "phone": "6098974678", "carplate": "370SBVB", "balance": 0.0, "birthday": "1996-04-12", "country": "USA"}}, {"model": "housing.renter", "pk": 5, "fields": {"email": "ardagna@yahoo.ca", "firstname": "Taylor", "lastname": "Moss", "gender": "female", "renter_pwd": "anfeujh93", "phone": "2129579200", "carplate": "SBV378C", "balance": 0.0, "birthday": "1995-07-03", "country": "USA"}}, {"model": "housing.renter", "pk": 6, "fields": {"email": "phyruxus@outlook.com", "firstname": "Maria", "lastname": "Green", "gender": "female", "renter_pwd": "fniaujs498t", "phone": "7187795000", "carplate": "115SBVB", "balance": 0.0, "birthday": "1995-03-01", "country": "USA"}}, {"model": "housing.renter", "pk": 7, "fields": {"email": "cumarana@comcast.net", "firstname": "Sooraj", "lastname": "Bajpai", "gender": "male", "renter_pwd": "3i9uhrt98", "phone": "7187789900", "carplate": "131SBVB", "balance": 0.0, "birthday": "1998-11-17", "country": "India"}}, {"model": "housing.renter", "pk": 8, "fields": {"email": "staikos@comcast.net", "firstname": "Houjo", "lastname": "Kim", "gender": "female", "renter_pwd": "esnu9fjw30", "phone": "2129774590", "carplate": "373SBVH", "balance": 0.0, "birthday": "1995-11-03", "country": "Korea"}}, {"model": "housing.renter", "pk": 9, "fields": {"email": "hyper@aol.com", "firstname": "Chike", "lastname": "Jin", "gender": "male", "renter_pwd": "nfia3j", "phone": "2129779200", "carplate": "281SBVA", "balance": 0.0, "birthday": "1994-01-02", "country": "Korea"}}, {"model": "housing.renter", "pk": 10, "fields": {"email": "boser@msn.com", "firstname": "Sylvie", "lastname": "Rin", "gender": "female", "renter_pwd": "3kontoaw", "phone": "7187860643", "carplate": "154SBVA", "balance": -14.25, "birthday": "2000-01-03", "country": "Japan"}}, {"model": "housing.renter", "pk": 11, "fields": {"email": "naoya@hotmail.com", "firstname": "Takumi", "lastname": "Chikako", "gender": "female", "renter_pwd": "3oitfef", "phone": "6466418307", "carplate": "Y101834C", "balance": 0.0, "birthday": "1998-07-06", "country": "Japan"}}, {"model": "housing.renter", "pk": 12, "fields": {"email": "marnanel@gmail.com", "firstname": "Yunli", "lastname": "Chen", "gender": "male", "renter_pwd": "r0jh05", "phone": "7186098904", "carplate": "114SBVH", "balance": 0.0, "birthday": "1990-02-13", "country": "China"}}, {"model": "housing.renter", "pk": 13, "fields": {"email": "mddallara@gmail.com", "firstname": "Eliza", "lastname": "Skyler", "gender": "female", "renter_pwd": "iroihge04", "phone": "6466418307", "carplate": "6D90H", "balance": 0.0, "birthday": "1996-04-05", "country": "USA"}}, {"model": "housing.renter", "pk": 14, "fields": {"email": "ajlitt@icloud.com", "firstname": "Jason", "lastname": "Chunk", "gender": "female", "renter_pwd": "4omiti", "phone": "2129563177", "carplate": "Y100496C", "balance": 0.0, "birthday": "1992-06-08", "country": "USA"}}, {"model": "housing.renter", "pk": 15, "fields": {"email": "duncand@hotmail.com", "firstname": "Hwa", "lastname": "Minsu", "gender": "female", "renter_pwd": "wioj34t", "phone": "7189874578", "carplate": "1K97H", "balance": 0.0, "birthday": "1998-08-25", "country": "Korea"}}, {"model": "housing.renter", "pk": 16, "fields": {"email": "parkes@gmail.com", "firstname": "Abel", "lastname": "Anouilh", "gender": "male", "renter_pwd": "w4mgoiw", "phone": "6098964567", "carplate": "5F50H", "balance": 0.0, "birthday": "1999-04-25", "country": "France"}}, {"model": "housing.renter", "pk": 17, "fields": {"email": "ardogna@yahoo.ca ", "firstname": "Darcy", "lastname": "Bell", "gender": "female", "renter_pwd": "w4ointgo", "phone": "7187866594", "carplate": "1K99H", "balance": 0.0, "birthday": "1992-09-20", "country": "Canada"}}, {"model": "housing.renter", "pk": 18, "fields": {"email": "tbmaddux@hotmail.com", "firstname": "Hyunjoo", "lastname": "Benjamin", "gender": "male", "renter_pwd": "ew39r8", "phone": "7189378668", "carplate": "6D13H", "balance": 0.0, "birthday": "1997-12-29", "country": "Korea"}}, {"model": "housing.renter", "pk": 19, "fields": {"email": "catalog@verizon.net", "firstname": "Haiyun", "lastname": "Liu", "gender": "male", "renter_pwd": "mi3wj9fg4w?", "phone": "2126654900", "carplate": "2D18H", "balance": 0.0, "birthday": "1998-11-15", "country": "China"}}, {"model": "housing.renter", "pk": 20, "fields": {"email": "imtroyr@hotmail.com", "firstname": "Mohun", "lastname": "Upandhye", "gender": "female", "renter_pwd": "jf398wjf94", "phone": "7183927000", "carplate": "5J12H", "balance": 0.0, "birthday": "2000-09-20", "country": "India"}}, {"model": "housing.renter", "pk": 21, "fields": {"email": "mddallara@live.com", "firstname": "Domitille", "lastname": "Maia", "gender": "male", "renter_pwd": "nouwejn43", "phone": "7188583502", "carplate": "5J12H", "balance": -9.58, "birthday": "1999-03-21", "country": "India"}}, {"model": "housing.renter", "pk": 22, "fields": {"email": "kewley@sbcglobal.net", "firstname": "Jim", "lastname": "Wible", "gender": "female", "renter_pwd": "3qjr93", "phone": "2129579200", "carplate": "7E40H", "balance": 0.0, "birthday": "1992-04-03", "country": "USA"}}, {"model": "housing.renter", "pk": 23, "fields": {"email": "jaesenj@msn.com", "firstname": "Catherine", "lastname": "Smith", "gender": "female", "renter_pwd": "mn4uwjf984", "phone": "7189372080", "carplate": "8D38H", "balance": -33.45, "birthday": "1997-04-03", "country": "Canada"}}, {"model": "housing.renter", "pk": 24, "fields": {"email": "martink@outlook.com", "firstname": "Faery", "lastname": "Smith", "gender": "male", "renter_pwd": "mn3qur", "phone": "2129579200", "carplate": "Y100293C", "balance": 0.0, "birthday": "1998-07-25", "country": "USA"}}, {"model": "housing.renter", "pk": 25, "fields": {"email": "privcan@sbcglobal.net", "firstname": "Yiyun", "lastname": "Chen", "gender": "male", "renter_pwd": "n3qg9uw", "phone": "7187867546", "carplate": "2B48H", "balance": 0.0, "birthday": "1999-03-20", "country": "China"}}, {"model": "housing.renter", "pk": 26, "fields": {"email": "chjdhu@hotmail.com", "firstname": "Yijin", "lastname": "Liu", "gender": "female", "renter_pwd": "nvuiwen33", "phone": "6098907893", "carplate": "3R28J", "balance": 0.0, "birthday": "1995-06-22", "country": "China"}}, {"model": "housing.renter", "pk": 27, "fields": {"email": "cherylleelxr@hotmail.com", "firstname": "Xinrong", "lastname": "Li", "gender": "female", "renter_pwd": "123", "phone": "2177215985", "carplate": null, "balance": -67.26, "birthday": "1995-07-12", "country": null}}, {"model": "housing.room", "pk": "101", "fields": {"room_type": "4b4b", "room_description": "south", "room_status": 0}}, {"model": "housing.room", "pk": "102", "fields": {"room_type": "4b4b", "room_description": "north", "room_status": 0}}, {"model": "housing.room", "pk": "103", "fields": {"room_type": "3b3b", "room_description": "north", "room_status": 0}}, {"model": "housing.room", "pk": "104", "fields": {"room_type": "2b2b", "room_description": "south", "room_status": 0}}, {"model": "housing.room", "pk": "105", "fields": {"room_type": "2b2b", "room_description": "new", "room_status": 1}}, {"model": "housing.room", "pk": "106", "fields": {"room_type": "2b2b", "room_description": "new", "room_status": 1}}, {"model": "housing.room", "pk": "107", "fields": {"room_type": "2b2b", "room_description": "new", "room_status": 0}}, {"model": "housing.room", "pk": "108", "fields": {"room_type": "3b3b", "room_description": "south", "room_status": 1}}, {"model": "housing.room", "pk": "109", "fields": {"room_type": "4b4b", "room_description": "notrh", "room_status": 0}}, {"model": "housing.room", "pk": "110", "fields": {"room_type": "4b4b", "room_description": "new", "room_status": 1}}, {"model": "housing.room", "pk": "201", "fields": {"room_type": "4b4b", "room_description": "north", "room_status": 0}}, {"model": "housing.room", "pk": "202", "fields": {"room_type": "4b4b", "room_description": "north", "room_status": 1}}, {"model": "housing.room", "pk": "203", "fields": {"room_type": "3b3b", "room_description": "south", "room_status": 0}}, {"model": "housing.room", "pk": "204", "fields": {"room_type": "2b2b", "room_description": "new", "room_status": 0}}, {"model": "housing.room", "pk": "205", "fields": {"room_type": "2b2b", "room_description": "north", "room_status": 0}}, {"model": "housing.room", "pk": "206", "fields": {"room_type": "2b2b", "room_description": "north", "room_status": 0}}, {"model": "housing.room", "pk": "207", "fields": {"room_type": "2b2b", "room_description": "north", "room_status": 1}}, {"model": "housing.room", "pk": "208", "fields": {"room_type": "3b3b", "room_description": "north", "room_status": 1}}, {"model": "housing.room", "pk": "209", "fields": {"room_type": "4b4b", "room_description": "south", "room_status": 1}}, {"model": "housing.room", "pk": "210", "fields": {"room_type": "4b4b", "room_description": "new", "room_status": 0}}, {"model": "housing.room", "pk": "301", "fields": {"room_type": "4b4b", "room_description": "new", "room_status": 1}}, {"model": "housing.room", "pk": "302", "fields": {"room_type": "4b4b", "room_description": "north", "room_status": 1}}, {"model": "housing.room", "pk": "303", "fields": {"room_type": "3b3b", "room_description": "new", "room_status": 1}}, {"model": "housing.room", "pk": "304", "fields": {"room_type": "2b2b", "room_description": "new", "room_status": 1}}, {"model": "housing.room", "pk": "305", "fields": {"room_type": "2b2b", "room_description": "new", "room_status": 0}}, {"model": "housing.room", "pk": "306", "fields": {"room_type": "2b2b", "room_description": "south", "room_status": 1}}, {"model": "housing.room", "pk": "307", "fields": {"room_type": "2b2b", "room_description": "new", "room_status": 1}}, {"model": "housing.room", "pk": "308", "fields": {"room_type": "3b3b", "room_description": "new", "room_status": 0}}, {"model": "housing.room", "pk": "309", "fields": {"room_type": "4b4b", "room_description": "new", "room_status": 0}}, {"model": "housing.room", "pk": "310", "fields": {"room_type": "4b4b", "room_description": "south", "room_status": 1}}, {"model": "housing.lease", "pk": 1, "fields": {"renter": 1, "room": "101", "rent_fee": 525.0, "movein_date": "2017-08-25", "moveout_date": "2018-06-25"}}, {"model": "housing.lease", "pk": 2, "fields": {"renter": 2, "room": "102", "rent_fee": 525.0, "movein_date": "2017-08-30", "moveout_date": "2018-06-30"}}, {"model": "housing.lease", "pk": 3, "fields": {"renter": 3, "room": "103", "rent_fee": 575.0, "movein_date": "2017-08-26", "moveout_date": "2018-06-26"}}, {"model": "housing.lease", "pk": 4, "fields": {"renter": 4, "room": "104", "rent_fee": 625.0, "movein_date": "2017-08-22", "moveout_date": "2018-06-22"}}, {"model": "housing.lease", "pk": 5, "fields": {"renter": 5, "room": "105", "rent_fee": 625.0, "movein_date": "2018-08-25", "moveout_date": "2019-06-25"}}, {"model": "housing.lease", "pk": 6, "fields": {"renter": 6, "room": "106", "rent_fee": 625.0, "movein_date": "2018-08-31", "moveout_date": "2019-06-30"}}, {"model": "housing.lease", "pk": 7, "fields": {"renter": 7, "room": "107", "rent_fee": 625.0, "movein_date": "2017-08-22", "moveout_date": "2018-06-22"}}, {"model": "housing.lease", "pk": 8, "fields": {"renter": 8, "room": "108", "rent_fee": 575.0, "movein_date": "2018-08-26", "moveout_date": "2019-06-26"}}, {"model": "housing.lease", "pk": 9, "fields": {"renter": 9, "room": "307", "rent_fee": 625.0, "movein_date": "2018-08-30", "moveout_date": "2019-06-30"}}, {"model": "housing.lease", "pk": 10, "fields": {"renter": 10, "room": "110", "rent_fee": 525.0, "movein_date": "2019-01-03", "moveout_date": "2019-11-03"}}, {"model": "housing.lease", "pk": 11, "fields": {"renter": 11, "room": "201", "rent_fee": 525.0, "movein_date": "2018-01-05", "moveout_date": "2018-11-05"}}, {"model": "housing.lease", "pk": 12, "fields": {"renter": 12, "room": "202", "rent_fee": 525.0, "movein_date": "2019-01-04", "moveout_date": "2019-11-04"}}, {"model": "housing.lease", "pk": 13, "fields": {"renter": 13, "room": "203", "rent_fee": 575.0, "movein_date": "2017-08-25", "moveout_date": "2018-06-25"}}, {"model": "housing.lease", "pk": 14, "fields": {"renter": 14, "room": "204", "rent_fee": 625.0, "movein_date": "2016-08-25", "moveout_date": "2017-06-25"}}, {"model": "housing.lease", "pk": 15, "fields": {"renter": 15, "room": "205", "rent_fee": 625.0, "movein_date": "2016-08-30", "moveout_date": "2017-06-30"}}, {"model": "housing.lease", "pk": 16, "fields": {"renter": 16, "room": "206", "rent_fee": 625.0, "movein_date": "2017-08-25", "moveout_date": "2018-06-25"}}, {"model": "housing.lease", "pk": 17, "fields": {"renter": 17, "room": "207", "rent_fee": 625.0, "movein_date": "2018-08-25", "moveout_date": "2019-06-25"}}, {"model": "housing.lease", "pk": 18, "fields": {"renter": 18, "room": "208", "rent_fee": 575.0, "movein_date": "2018-09-02", "moveout_date": "2019-07-02"}}, {"model": "housing.lease", "pk": 19, "fields": {"renter": 19, "room": "209", "rent_fee": 525.0, "movein_date": "2018-09-03", "moveout_date": "2019-07-03"}}, {"model": "housing.lease", "pk": 20, "fields": {"renter": 20, "room": "310", "rent_fee": 525.0, "movein_date": "2018-08-30", "moveout_date": "2019-06-30"}}, {"model": "housing.lease", "pk": 21, "fields": {"renter": 21, "room": "301", "rent_fee": 525.0, "movein_date": "2019-01-04", "moveout_date": "2019-11-04"}}, {"model": "housing.lease", "pk": 22, "fields": {"renter": 22, "room": "302", "rent_fee": 525.0, "movein_date": "2018-09-05", "moveout_date": "2019-07-05"}}, {"model": "housing.lease", "pk": 23, "fields": {"renter": 23, "room": "303", "rent_fee": 575.0, "movein_date": "2018-09-06", "moveout_date": "2019-07-06"}}, {"model": "housing.lease", "pk": 24, "fields": {"renter": 24, "room": "304", "rent_fee": 625.0, "movein_date": "2018-08-23", "moveout_date": "2019-06-23"}}, {"model": "housing.lease", "pk": 25, "fields": {"renter": 25, "room": "305", "rent_fee": 625.0, "movein_date": "2017-09-01", "moveout_date": "2018-07-01"}}, {"model": "housing.lease", "pk": 26, "fields": {"renter": 26, "room": "306", "rent_fee": 625.0, "movein_date": "2018-08-25", "moveout_date": "2019-06-25"}}, {"model": "housing.lease", "pk": 27, "fields": {"renter": 27, "room": "304", "rent_fee": 625.0, "movein_date": "2018-08-17", "moveout_date": "2019-07-31"}}, {"model": "housing.amenity", "pk": "Basketball Court A", "fields": {"amenity_type": "basketball", "amenity_capacity": "5-10"}}, {"model": "housing.amenity", "pk": "Basketball Court B", "fields": {"amenity_type": "basketball", "amenity_capacity": "5-10"}}, {"model": "housing.amenity", "pk": "Game Room A", "fields": {"amenity_type": "game", "amenity_capacity": "2-4"}}, {"model": "housing.amenity", "pk": "Game Room B", "fields": {"amenity_type": "game", "amenity_capacity": "2-4"}}, {"model": "housing.amenity", "pk": "Screening Room A", "fields": {"amenity_type": "screening", "amenity_capacity": "10-20"}}, {"model": "housing.amenity", "pk": "Screening Room B", "fields": {"amenity_type": "screening", "amenity_capacity": "10-20"}}, {"model": "housing.amenity", "pk": "Screening Room C", "fields": {"amenity_type": "screening", "amenity_capacity": "10-20"}}, {"model": "housing.amenity", "pk": "Study Room A", "fields": {"amenity_type": "study", "amenity_capacity": "2-4"}}, {"model": "housing.amenity", "pk": "Study Room B", "fields": {"amenity_type": "study", "amenity_capacity": "2-4"}}, {"model": "housing.amenity", "pk": "Study Room C", "fields": {"amenity_type": "study", "amenity_capacity": "2-4"}}, {"model": "housing.amenity", "pk": "Study Room D", "fields": {"amenity_type": "study", "amenity_capacity": "4-8"}}, {"model": "housing.amenity", "pk": "Study Room E", "fields": {"amenity_type": "study", "amenity_capacity": "4-8"}}, {"model": "housing.amenity", "pk": "Tennis Court A", "fields": {"amenity_type": "tennis", "amenity_capacity": "2-4"}}, {"model": "housing.amenity", "pk": "Tennis Court B", "fields": {"amenity_type": "tennis", "amenity_capacity": "2-4"}}, {"model": "housing.amenity", "pk": "Volleyball Court A", "fields": {"amenity_type": "volleyball", "amenity_capacity": "6-12"}}, {"model": "housing.amenity", "pk": "Volleyball Court B", "fields": {"amenity_type": "volleyball", "amenity_capacity": "6-12"}}, {"model": "housing.maintenance", "pk": 1, "fields": {"renter": 27, "room": "304", "apply_date": "2018-09-01", "maintenance_location": "Bathroom B", "maintenance_category": "Others", "maintenance_describe": "water leaks.", "maintenance_status": "Complete"}}, {"model": "housing.maintenance", "pk": 2, "fields": {"renter": 6, "room": "106", "apply_date": "2018-09-03", "maintenance_location": "Common Area", "maintenance_category": "Smoke Detector", "maintenance_describe": "Need to change the battery of the smoke detector", "maintenance_status": "Complete"}}, {"model": "housing.maintenance", "pk": 3, "fields": {"renter": 8, "room": "108", "apply_date": "2018-09-10", "maintenance_location": "Bedroom A", "maintenance_category": "Closet Doors", "maintenance_describe": "The closet door is broken", "maintenance_status": "Complete"}}, {"model": "housing.maintenance", "pk": 4, "fields": {"renter": 19, "room": "209", "apply_date": "2018-09-12", "maintenance_location": "Bathroom B", "maintenance_category": "Tub/Shower", "maintenance_describe": "The water goes down very slowly", "maintenance_status": "Complete"}}, {"model": "housing.maintenance", "pk": 5, "fields": {"renter": 12, "room": "202", "apply_date": "2018-09-15", "maintenance_location": "Laundry Room", "maintenance_category": "Others", "maintenance_describe": "The washing machine is broken", "maintenance_status": "Complete"}}, {"model": "housing.maintenance", "pk": 6, "fields": {"renter": 5, "room": "105", "apply_date": "2018-09-20", "maintenance_location": "Bedroom C", "maintenance_category": "Smoke Detector", "maintenance_describe": "Need to change the battery of the smoke detector", "maintenance_status": "Complete"}}, {"model": "housing.maintenance", "pk": 7, "fields": {"renter": 6, "room": "106", "apply_date": "2018-09-23", "maintenance_location": "Common Area", "maintenance_category": "Others", "maintenance_describe": "One of the light didn't work", "maintenance_status": "Complete"}}, {"model": "housing.maintenance", "pk": 8, "fields": {"renter": 24, "room": "304", "apply_date": "2018-09-28", "maintenance_location": "Common Area", "maintenance_category": "Others", "maintenance_describe": "The air conditioning didn't work", "maintenance_status": "Complete"}}, {"model": "housing.maintenance", "pk": 9, "fields": {"renter": 17, "room": "207", "apply_date": "2018-10-05", "maintenance_location": "Bathroom D", "maintenance_category": "Tub/Shower", "maintenance_describe": "The drain is blocked", "maintenance_status": "Complete"}}, {"model": "housing.maintenance", "pk": 10, "fields": {"renter": 20, "room": "310", "apply_date": "2018-10-12", "maintenance_location": "Patio", "maintenance_category": "Others", "maintenance_describe": "The light bulb needs to be changed", "maintenance_status": "Complete"}}, {"model": "housing.maintenance", "pk": 11, "fields": {"renter": 10, "room": "110", "apply_date": "2018-10-19", "maintenance_location": "Kitchen", "maintenance_category": "Others", "maintenance_describe": "The fan didn't work", "maintenance_status": "Complete"}}, {"model": "housing.maintenance", "pk": 12, "fields": {"renter": 23, "room": "303", "apply_date": "2018-10-22", "maintenance_location": "Bedroom D", "maintenance_category": "Closet Doors", "maintenance_describe": "the door of the walk-in closet can't close", "maintenance_status": "Complete"}}, {"model": "housing.maintenance", "pk": 13, "fields": {"renter": 9, "room": "307", "apply_date": "2018-10-25", "maintenance_location": "Laundry Room", "maintenance_category": "Others", "maintenance_describe": "Washing machine works very slowly", "maintenance_status": "Complete"}}, {"model": "housing.maintenance", "pk": 14, "fields": {"renter": 20, "room": "310", "apply_date": "2018-10-28", "maintenance_location": "Bedroom A", "maintenance_category": "Smoke Detector", "maintenance_describe": "The battery needs to be changed", "maintenance_status": "Complete"}}, {"model": "housing.maintenance", "pk": 15, "fields": {"renter": 26, "room": "306", "apply_date": "2018-11-07", "maintenance_location": "Bathroom C", "maintenance_category": "Tub/Shower", "maintenance_describe": "The drain is logged", "maintenance_status": "Complete"}}, {"model": "housing.maintenance", "pk": 16, "fields": {"renter": 24, "room": "304", "apply_date": "2018-11-15", "maintenance_location": "Kitchen", "maintenance_category": "Others", "maintenance_describe": "The microwave oven didn't work", "maintenance_status": "Complete"}}, {"model": "housing.maintenance", "pk": 17, "fields": {"renter": 22, "room": "302", "apply_date": "2018-11-18", "maintenance_location": "Common Area", "maintenance_category": "Others", "maintenance_describe": "The heat didn't work", "maintenance_status": "Complete"}}, {"model": "housing.maintenance", "pk": 18, "fields": {"renter": 6, "room": "106", "apply_date": "2018-11-26", "maintenance_location": "Common Area", "maintenance_category": "Plumping", "maintenance_describe": "The plumping was frozen", "maintenance_status": "Complete"}}, {"model": "housing.maintenance", "pk": 19, "fields": {"renter": 17, "room": "207", "apply_date": "2018-11-29", "maintenance_location": "Kitchen", "maintenance_category": "Others", "maintenance_describe": "The freezer's tempreture is too high", "maintenance_status": "Complete"}}, {"model": "housing.maintenance", "pk": 20, "fields": {"renter": 18, "room": "208", "apply_date": "2018-12-06", "maintenance_location": "Patio", "maintenance_category": "Others", "maintenance_describe": "The birds nested in the floor", "maintenance_status": "Complete"}}, {"model": "housing.maintenance", "pk": 21, "fields": {"renter": 5, "room": "105", "apply_date": "2018-12-12", "maintenance_location": "Bedroom A", "maintenance_category": "Closet Doors", "maintenance_describe": "The closet door is broken", "maintenance_status": "Complete"}}, {"model": "housing.maintenance", "pk": 22, "fields": {"renter": 19, "room": "209", "apply_date": "2018-12-15", "maintenance_location": "Laundry Room", "maintenance_category": "Others", "maintenance_describe": "The light didn't work", "maintenance_status": "Complete"}}, {"model": "housing.maintenance", "pk": 23, "fields": {"renter": 12, "room": "202", "apply_date": "2018-12-19", "maintenance_location": "Common Area", "maintenance_category": "Carpet", "maintenance_describe": "The carpet was splited accidently", "maintenance_status": "Complete"}}, {"model": "housing.maintenance", "pk": 24, "fields": {"renter": 6, "room": "106", "apply_date": "2018-12-22", "maintenance_location": "Bathroom D", "maintenance_category": "Others", "maintenance_describe": "The light bulb didn't work", "maintenance_status": "Complete"}}, {"model": "housing.maintenance", "pk": 25, "fields": {"renter": 8, "room": "108", "apply_date": "2018-12-25", "maintenance_location": "Bathroom C", "maintenance_category": "Plumping", "maintenance_describe": "Plumping frozen", "maintenance_status": "Complete"}}, {"model": "housing.reservation", "pk": 1, "fields": {"Renter": 27, "Amenity": "Study Room A", "start_date": "2018-09-09", "start_time": "20:00", "reserve_date": "2018-09-07"}}, {"model": "housing.reservation", "pk": 2, "fields": {"Renter": 27, "Amenity": "Screening Room A", "start_date": "2018-10-21", "start_time": "10:00", "reserve_date": "2018-10-17"}}, {"model": "housing.reservation", "pk": 3, "fields": {"Renter": 12, "Amenity": "Game Room A", "start_date": "2018-10-20", "start_time": "15:00", "reserve_date": "2018-10-18"}}, {"model": "housing.reservation", "pk": 4, "fields": {"Renter": 10, "Amenity": "Tennis Court B", "start_date": "2018-10-21", "start_time": "13:00", "reserve_date": "2018-10-20"}}, {"model": "housing.reservation", "pk": 5, "fields": {"Renter": 6, "Amenity": "Study Room A", "start_date": "2018-10-25", "start_time": "10:00", "reserve_date": "2018-10-23"}}, {"model": "housing.reservation", "pk": 6, "fields": {"Renter": 8, "Amenity": "Study Room B", "start_date": "2018-10-25", "start_time": "13:00", "reserve_date": "2018-10-24"}}, {"model": "housing.reservation", "pk": 7, "fields": {"Renter": 17, "Amenity": "Study Room A", "start_date": "2018-11-01", "start_time": "11:00", "reserve_date": "2018-10-28"}}, {"model": "housing.reservation", "pk": 8, "fields": {"Renter": 26, "Amenity": "Screening Room A", "start_date": "2018-11-05", "start_time": "14:00", "reserve_date": "2018-11-02"}}, {"model": "housing.reservation", "pk": 9, "fields": {"Renter": 5, "Amenity": "Game Room B", "start_date": "2018-11-05", "start_time": "18:00", "reserve_date": "2018-11-03"}}, {"model": "housing.reservation", "pk": 10, "fields": {"Renter": 26, "Amenity": "Basketball Court A", "start_date": "2018-11-08", "start_time": "10:00", "reserve_date": "2018-11-05"}}, {"model": "housing.reservation", "pk": 11, "fields": {"Renter": 5, "Amenity": "Screening Room A", "start_date": "2018-11-11", "start_time": "17:00", "reserve_date": "2018-11-08"}}, {"model": "housing.reservation", "pk": 12, "fields": {"Renter": 12, "Amenity": "Screening Room B", "start_date": "2018-11-11", "start_time": "16:00", "reserve_date": "2018-11-09"}}, {"model": "housing.reservation", "pk": 13, "fields": {"Renter": 9, "Amenity": "Study Room A", "start_date": "2018-11-16", "start_time": "10:00", "reserve_date": "2018-11-12"}}, {"model": "housing.reservation", "pk": 14, "fields": {"Renter": 24, "Amenity": "Study Room A", "start_date": "2018-11-16", "start_time": "14:00", "reserve_date": "2018-11-13"}}, {"model": "housing.reservation", "pk": 15, "fields": {"Renter": 26, "Amenity": "Basketball Court A", "start_date": "2018-11-20", "start_time": "15:00", "reserve_date": "2018-11-17"}}, {"model": "housing.reservation", "pk": 17, "fields": {"Renter": 23, "Amenity": "Tennis Court A", "start_date": "2018-11-22", "start_time": "14:00", "reserve_date": "2018-11-21"}}, {"model": "housing.reservation", "pk": 18, "fields": {"Renter": 19, "Amenity": "Screening Room A", "start_date": "2018-11-23", "start_time": "20:00", "reserve_date": "2018-11-22"}}, {"model": "housing.reservation", "pk": 19, "fields": {"Renter": 22, "Amenity": "Game Room A", "start_date": "2018-11-24", "start_time": "21:00", "reserve_date": "2018-11-23"}}, {"model": "housing.reservation", "pk": 20, "fields": {"Renter": 18, "Amenity": "Study Room C", "start_date": "2018-11-26", "start_time": "9:00", "reserve_date": "2018-11-25"}}, {"model": "housing.reservation", "pk": 21, "fields": {"Renter": 6, "Amenity": "Study Room D", "start_date": "2018-11-29", "start_time": "10:00", "reserve_date": "2018-11-27"}}, {"model": "housing.reservation", "pk": 22, "fields": {"Renter": 17, "Amenity": "Basketball Court A", "start_date": "2018-12-02", "start_time": "12:00", "reserve_date": "2018-12-01"}}, {"model": "housing.reservation", "pk": 23, "fields": {"Renter": 23, "Amenity": "Study Room B", "start_date": "2018-12-02", "start_time": "12:00", "reserve_date": "2018-12-01"}}, {"model": "housing.reservation", "pk": 24, "fields": {"Renter": 26, "Amenity": "Study Room A", "start_date": "2018-12-05", "start_time": "10:00", "reserve_date": "2018-12-03"}}, {"model": "housing.reservation", "pk": 25, "fields": {"Renter": 8, "Amenity": "Game Room A", "start_date": "2018-12-07", "start_time": "15:00", "reserve_date": "2018-12-04"}}, {"model": "housing.reservation", "pk": 26, "fields": {"Renter": 8, "Amenity": "Game Room B", "start_date": "2018-12-10", "start_time": "16:00", "reserve_date": "2018-12-08"}}, {"model": "housing.admin", "pk": 1, "fields": {"admin_username": "lxr", "admin_pwd": "123123"}}, {"model": "housing.payment", "pk": 1, "fields": {"renter": 10, "room": "110", "fee": 525.0, "pay_date": "2019-01-31", "payment_type": "Rent", "pay_record": false}}, {"model": "housing.payment", "pk": 2, "fields": {"renter": 12, "room": "202", "fee": 525.0, "pay_date": "2019-01-31", "payment_type": "Rent", "pay_record": false}}, {"model": "housing.payment", "pk": 3, "fields": {"renter": 21, "room": "301", "fee": 525.0, "pay_date": "2019-01-31", "payment_type": "Rent", "pay_record": false}}, {"model": "housing.payment", "pk": 4, "fields": {"renter": 23, "room": "303", "fee": 575.0, "pay_date": "2019-01-31", "payment_type": "Rent", "pay_record": false}}, {"model": "housing.payment", "pk": 5, "fields": {"renter": 9, "room": "307", "fee": 625.0, "pay_date": "2019-01-31", "payment_type": "Rent", "pay_record": false}}, {"model": "housing.payment", "pk": 6, "fields": {"renter": 21, "room": "301", "fee": 525.0, "pay_date": "2019-02-01", "payment_type": "Rent", "pay_record": true}}, {"model": "housing.payment", "pk": 7, "fields": {"renter": 9, "room": "307", "fee": 625.0, "pay_date": "2019-02-01", "payment_type": "Rent", "pay_record": true}}, {"model": "housing.payment", "pk": 8, "fields": {"renter": 10, "room": "110", "fee": 525.0, "pay_date": "2019-02-02", "payment_type": "Rent", "pay_record": true}}, {"model": "housing.payment", "pk": 9, "fields": {"renter": 23, "room": "303", "fee": 575.0, "pay_date": "2019-02-03", "payment_type": "Rent", "pay_record": true}}, {"model": "housing.payment", "pk": 10, "fields": {"renter": 12, "room": "202", "fee": 5.25, "pay_date": "2019-02-06", "payment_type": "Late Fee", "pay_record": false}}, {"model": "housing.payment", "pk": 11, "fields": {"renter": 12, "room": "202", "fee": 530.25, "pay_date": "2019-02-06", "payment_type": "Rent", "pay_record": true}}, {"model": "housing.payment", "pk": 12, "fields": {"renter": 27, "room": "304", "fee": 69.72, "pay_date": "2019-01-07", "payment_type": "Utility", "pay_record": false}}, {"model": "housing.payment", "pk": 13, "fields": {"renter": 27, "room": "304", "fee": 625.0, "pay_date": "2019-02-01", "payment_type": "Rent", "pay_record": false}}, {"model": "housing.payment", "pk": 14, "fields": {"renter": 27, "room": "304", "fee": 6.25, "pay_date": "2019-02-06", "payment_type": "Late Fee", "pay_record": false}}, {"model": "housing.payment", "pk": 15, "fields": {"renter": 27, "room": "304", "fee": 700.97, "pay_date": "2019-02-06", "payment_type": "Rent", "pay_record": true}}, {"model": "housing.payment", "pk": 16, "fields": {"renter": 27, "room": "304", "fee": 76.42, "pay_date": "2019-02-26", "payment_type": "Utility", "pay_record": false}}, {"model": "housing.payment", "pk": 17, "fields": {"renter": 27, "room": "304", "fee": 76.42, "pay_date": "2019-02-27", "payment_type": "Utility", "pay_record": true}}, {"model": "housing.payment", "pk": 18, "fields": {"renter": 27, "room": "304", "fee": 625.0, "pay_date": "2019-03-01", "payment_type": "Rent", "pay_record": false}}, {"model": "housing.payment", "pk": 19, "fields": {"renter": 27, "room": "304", "fee": 625.0, "pay_date": "2019-03-04", "payment_type": "Rent", "pay_record": true}}, {"model": "housing.payment", "pk": 20, "fields": {"renter": 27, "room": "304", "fee": 67.26, "pay_date": "2019-03-26", "payment_type": "Utility", "pay_record": false}}, {"model": "housing.payment", "pk": 21, "fields": {"renter": 27, "room": "304", "fee": 625.0, "pay_date": "2019-04-01", "payment_type": "Rent", "pay_record": true}}, {"model": "housing.payment", "pk": 22, "fields": {"renter": 27, "room": "304", "fee": 625.0, "pay_date": "2019-04-01", "payment_type": "Rent", "pay_record": false}}, {"model": "housing.payment", "pk": 23, "fields": {"renter": 10, "room": "110", "fee": 14.25, "pay_date": "2019-02-26", "payment_type": "Utility", "pay_record": false}}, {"model": "housing.payment", "pk": 24, "fields": {"renter": 21, "room": "301", "fee": 9.58, "pay_date": "2019-02-26", "payment_type": "Utility", "pay_record": false}}, {"model": "housing.payment", "pk": 25, "fields": {"renter": 23, "room": "303", "fee": 33.45, "pay_date": "2019-02-26", "payment_type": "Utility", "pay_record": false}}, {"model": "housing.post", "pk": 1, "fields": {"renter": 2, "post_subject": "Party tonight", "post_message": "Anyone wants to join our party tonight? At 1019 from 6:00-12:00 pm", "post_img": "", "post_date": "2019-02-21T00:00:00Z", "post_tag": "Activity"}}, {"model": "housing.post", "pk": 2, "fields": {"renter": 4, "post_subject": "Any one in class cs411?", "post_message": "Is there anyone also in class cs411 and are seeking for a teammate for project? ", "post_img": "", "post_date": "2019-02-22T18:59:00Z", "post_tag": "Study"}}, {"model": "housing.post", "pk": 3, "fields": {"renter": 18, "post_subject": "Play ping-pong today", "post_message": "Anyone wants to come and play ping-pong at 3:00pm?", "post_img": "", "post_date": "2019-02-25T11:56:00Z", "post_tag": "Activity"}}, {"model": "housing.post", "pk": 4, "fields": {"renter": 20, "post_subject": "Beeping smoke senser", "post_message": "The somke senser in our kitchen keeps beeping, any idea about what's wrong with it?", "post_img": "", "post_date": "2019-02-26T13:45:00Z", "post_tag": "General"}}, {"model": "housing.post", "pk": 5, "fields": {"renter": 21, "post_subject": "Ride to Chicago", "post_message": "I am going to Chicago this Sunday, I can give a ride is you also want to go to Chicago", "post_img": "", "post_date": "2019-02-28T09:25:00Z", "post_tag": "General"}}, {"model": "housing.post", "pk": 6, "fields": {"renter": 2, "post_subject": "Misplacing package", "post_message": "There is a package placed in our front door but not ours, anyone has a package missing?", "post_img": "", "post_date": "2019-03-02T15:36:00Z", "post_tag": "General"}}, {"model": "housing.post", "pk": 7, "fields": {"renter": 18, "post_subject": "Want an iclicker", "post_message": "Any one want to sell iclicker 2? I need one!", "post_img": "", "post_date": "2019-03-03T14:40:00Z", "post_tag": "Trade"}}, {"model": "housing.post", "pk": 8, "fields": {"renter": 7, "post_subject": "Welcome to my birthday party!", "post_message": "Come and join my birthday party at 1401 after 6:00pm!", "post_img": "", "post_date": "2019-03-08T08:20:00Z", "post_tag": "Activity"}}, {"model": "housing.post", "pk": 9, "fields": {"renter": 8, "post_subject": "Travel to California", "post_message": "Anyone interested in drive to California this spring vocation?", "post_img": "", "post_date": "2019-03-12T21:15:00Z", "post_tag": "Activity"}}, {"model": "housing.post", "pk": 10, "fields": {"renter": 5, "post_subject": "Subleasing apartment for this summer", "post_message": "Sublease one bedroom in 1316 this summer, between May to September.", "post_img": "", "post_date": "2019-03-14T14:12:00Z", "post_tag": "Trade"}}, {"model": "housing.post", "pk": 11, "fields": {"renter": 22, "post_subject": "Study together in study room", "post_message": "Any one want to study together now?", "post_img": "", "post_date": "2019-03-15T14:15:00Z", "post_tag": "Study"}}, {"model": "housing.post", "pk": 12, "fields": {"renter": 2, "post_subject": "Question about the difference between CS classes", "post_message": "Can anyone with the inside knowledge tell me the essential differences between CS 101, 105, & 125?", "post_img": "", "post_date": "2019-03-16T18:16:00Z", "post_tag": "Study"}}, {"model": "housing.post", "pk": 13, "fields": {"renter": 7, "post_subject": "Used car", "post_message": "2016 Nissan Sentra S grey, $9699, contacted if interested", "post_img": "image/used car nissan.png", "post_date": "2019-03-17T10:33:00Z", "post_tag": "Trade"}}, {"model": "housing.post", "pk": 14, "fields": {"renter": 9, "post_subject": "Any one in CS 411? Got some question to ask", "post_message": "Any one in CS411 start to do the project? Do you know how to connect Django with MySQL?", "post_img": "", "post_date": "2019-03-20T15:11:00Z", "post_tag": "Study"}}, {"model": "housing.post", "pk": 15, "fields": {"renter": 16, "post_subject": "Come and play VR games", "post_message": "March 22th at 16:00 to 20:00,  study room, you can also bring your games!", "post_img": "", "post_date": "2019-03-21T12:18:00Z", "post_tag": "Activity"}}, {"model": "housing.post", "pk": 16, "fields": {"renter": 15, "post_subject": "Extremly high utility fee", "post_message": "Our 4b4b room has very high utility fee every month, anyone know what's wrong ?", "post_img": "", "post_date": "2019-03-22T11:15:00Z", "post_tag": "General"}}, {"model": "housing.post", "pk": 17, "fields": {"renter": 7, "post_subject": "Missing package", "post_message": "Any one saw the package from Amazon, sent to sooraj?", "post_img": "", "post_date": "2019-03-24T14:08:00Z", "post_tag": "General"}}, {"model": "housing.post", "pk": 18, "fields": {"renter": 9, "post_subject": "Join our party!", "post_message": "March 27th at 18:00 to 23:00, at 1803!", "post_img": "", "post_date": "2019-03-26T15:00:00Z", "post_tag": "Activity"}}, {"model": "housing.post", "pk": 19, "fields": {"renter": 15, "post_subject": "wireless meat thermometer ", "post_message": "Wireless meat thermometer,  not used, $15", "post_img": "image/temp.png", "post_date": "2019-04-02T16:52:00Z", "post_tag": "Trade"}}, {"model": "housing.post", "pk": 20, "fields": {"renter": 2, "post_subject": "A shared picture", "post_message": "Squirrel Watching Watcher Watching Squirrel", "post_img": "image/Squirrel.png", "post_date": "2019-04-05T17:26:00Z", "post_tag": "General"}}, {"model": "housing.post", "pk": 21, "fields": {"renter": 6, "post_subject": "Question about HW9 for cs 411", "post_message": "Though I got the right answer for Neo4j Q3, the order of my actual output is different from the order of the expected output. Do I need to make the order of my output the same as the expected output?", "post_img": "", "post_date": "2019-04-17T23:15:00Z", "post_tag": "Study"}}, {"model": "housing.post", "pk": 22, "fields": {"renter": 9, "post_subject": "What caused the Union fire?", "post_message": "What are you thoughts?", "post_img": "", "post_date": "2019-04-18T09:45:00Z", "post_tag": "General"}}, {"model": "housing.post", "pk": 23, "fields": {"renter": 25, "post_subject": "Fire on Illini Union?", "post_message": "Any one know whether the restaurants in basement still open?", "post_img": "", "post_date": "2019-04-18T10:30:00Z", "post_tag": "General"}}, {"model": "housing.post", "pk": 24, "fields": {"renter": 23, "post_subject": "Sell low stool", "post_message": "usd for 1 year, 10 dollars, contact if interested", "post_img": "image/sofa.png", "post_date": "2019-04-19T11:40:00Z", "post_tag": "Trade"}}, {"model": "housing.post", "pk": 25, "fields": {"renter": 4, "post_subject": "second-hand book", "post_message": "Data Reduction and Error Analysis, 10 dollars, contact if interested", "post_img": "image/Data reduction and error analysis.png", "post_date": "2019-04-19T12:25:00Z", "post_tag": "Trade"}}, {"model": "housing.post", "pk": 26, "fields": {"renter": 6, "post_subject": "Who wants to watch a movie tonight!", "post_message": "Who wants to watch Avengers tonight!\r\n7:00pm at Screening Room A.\r\nCome and join us!", "post_img": "", "post_date": "2019-04-19T18:23:45.172Z", "post_tag": "Activity"}}, {"model": "housing.post", "pk": 27, "fields": {"renter": 27, "post_subject": "asfd", "post_message": "Dsd", "post_img": "image/temp_aZvn3cu.png", "post_date": "2019-04-19T21:26:03.991Z", "post_tag": "General"}}, {"model": "housing.reply", "pk": 1, "fields": {"renter": 6, "post": 20, "reply_subject": "Re:A shared picture", "reply_message": "Haha\r\nIt's so cute!!", "reply_img": "", "reply_date": "2019-04-19T18:26:15.077Z", "parent_reply": null}}, {"model": "housing.reply", "pk": 2, "fields": {"renter": 6, "post": 16, "reply_subject": "Re:Extremly high utility fee", "reply_message": "I have the same problem! I wonder why?", "reply_img": "", "reply_date": "2019-03-23T19:05:22.730Z", "parent_reply": null}}, {"model": "housing.reply", "pk": 3, "fields": {"renter": 6, "post": 22, "reply_subject": "Re:What caused the Union fire?", "reply_message": "I heard the bagel store was on fire. It is closed now.", "reply_img": "", "reply_date": "2019-04-19T19:06:51.868Z", "parent_reply": null}}, {"model": "housing.reply", "pk": 4, "fields": {"renter": 6, "post": 23, "reply_subject": "Re:Fire on Illini Union?", "reply_message": "I saw Orange and Green was closed", "reply_img": "", "reply_date": "2019-04-19T19:07:38.016Z", "parent_reply": null}}, {"model": "housing.reply", "pk": 5, "fields": {"renter": 27, "post": 25, "reply_subject": "Re:second-hand book", "reply_message": "Is this the new version that requied on class?", "reply_img": "", "reply_date": "2019-04-19T19:35:10.158Z", "parent_reply": null}}, {"model": "housing.reply", "pk": 6, "fields": {"renter": 27, "post": 23, "reply_subject": "Re:Fire on Illini Union?", "reply_message": "Most of them on the basement are open! You can still enjoy food there.", "reply_img": "", "reply_date": "2019-04-19T19:36:07.980Z", "parent_reply": null}}, {"model": "housing.reply", "pk": 7, "fields": {"renter": 27, "post": 22, "reply_subject": "Re:Re:What caused the Union fire?", "reply_message": "The Einstein brothers!", "reply_img": "", "reply_date": "2019-04-19T19:36:50.824Z", "parent_reply": 3}}, {"model": "housing.reply", "pk": 8, "fields": {"renter": 27, "post": 20, "reply_subject": "Re:A shared picture", "reply_message": "ahhhhhh it's sooooo cute!!", "reply_img": "", "reply_date": "2019-04-10T19:37:20.102Z", "parent_reply": null}}, {"model": "housing.reply", "pk": 9, "fields": {"renter": 23, "post": 19, "reply_subject": "Re:wireless meat thermometer ", "reply_message": "Can I use it to cook steak?", "reply_img": "", "reply_date": "2019-04-02T21:38:11.224Z", "parent_reply": null}}, {"model": "housing.reply", "pk": 10, "fields": {"renter": 23, "post": 18, "reply_subject": "Re:Join our party!", "reply_message": "Willing to come!", "reply_img": "", "reply_date": "2019-03-26T17:23:26.244Z", "parent_reply": null}}, {"model": "housing.reply", "pk": 11, "fields": {"renter": 10, "post": 17, "reply_subject": "Re:Missing package", "reply_message": "I think I saw a package with this name on the third shelf.", "reply_img": "", "reply_date": "2019-03-24T17:40:16.801Z", "parent_reply": null}}, {"model": "housing.reply", "pk": 12, "fields": {"renter": 10, "post": 16, "reply_subject": "Re:Extremly high utility fee", "reply_message": "Maybe you keep the temperature high during the winter, it is common when the whether is cold.", "reply_img": "", "reply_date": "2019-03-22T13:40:50.999Z", "parent_reply": null}}, {"model": "housing.reply", "pk": 13, "fields": {"renter": 10, "post": 18, "reply_subject": "Re:Join our party!", "reply_message": "Oh I have many games to share with you guys, let's play together ", "reply_img": "", "reply_date": "2019-03-26T19:41:16.294Z", "parent_reply": null}}, {"model": "housing.reply", "pk": 14, "fields": {"renter": 21, "post": 13, "reply_subject": "Re:Used car", "reply_message": "What's the condition of the car?", "reply_img": "", "reply_date": "2019-03-19T19:42:32.761Z", "parent_reply": null}}, {"model": "housing.reply", "pk": 15, "fields": {"renter": 21, "post": 11, "reply_subject": "Re:Study together in study room", "reply_message": "I would like to study for my final exam next week, I would like to join you !", "reply_img": "", "reply_date": "2019-03-15T14:42:54.871Z", "parent_reply": null}}, {"model": "housing.reply", "pk": 16, "fields": {"renter": 21, "post": 8, "reply_subject": "Re:Welcome to my birthday party!", "reply_message": "Count me in!", "reply_img": "", "reply_date": "2019-03-08T11:43:21.855Z", "parent_reply": null}}, {"model": "housing.reply", "pk": 17, "fields": {"renter": 21, "post": 4, "reply_subject": "Re:Beeping smoke senser", "reply_message": "You may take out the battery then it will stop beeping", "reply_img": "", "reply_date": "2019-02-27T19:44:24.386Z", "parent_reply": null}}, {"model": "housing.reply", "pk": 18, "fields": {"renter": 4, "post": 25, "reply_subject": "Re:second-hand book", "reply_message": "No, it is the version for last semester.", "reply_img": "", "reply_date": "2019-04-19T19:45:57.885Z", "parent_reply": null}}, {"model": "housing.reply", "pk": 19, "fields": {"renter": 4, "post": 8, "reply_subject": "Re:Welcome to my birthday party!", "reply_message": "Happy birthday!", "reply_img": "", "reply_date": "2019-03-08T09:46:55.183Z", "parent_reply": null}}, {"model": "housing.reply", "pk": 20, "fields": {"renter": 15, "post": 18, "reply_subject": "Re:Join our party!", "reply_message": "WOW looks fun!", "reply_img": "", "reply_date": "2019-03-26T16:49:29.084Z", "parent_reply": null}}, {"model": "housing.reply", "pk": 21, "fields": {"renter": 15, "post": 9, "reply_subject": "Re:Travel to California", "reply_message": "Which places are you planning to travel?", "reply_img": "", "reply_date": "2019-03-13T19:49:55.958Z", "parent_reply": null}}, {"model": "housing.reply", "pk": 22, "fields": {"renter": 12, "post": 5, "reply_subject": "Re:Ride to Chicago", "reply_message": "Hey can you offer the ride at 1 pm? That will be very helpful", "reply_img": "", "reply_date": "2019-02-28T10:52:24.439Z", "parent_reply": null}}, {"model": "housing.reply", "pk": 23, "fields": {"renter": 12, "post": 3, "reply_subject": "Re:Play ping-pong today", "reply_message": "May be 3:30 pm?", "reply_img": "", "reply_date": "2019-02-25T13:52:52.025Z", "parent_reply": null}}, {"model": "housing.reply", "pk": 24, "fields": {"renter": 12, "post": 2, "reply_subject": "Re:Any one in class cs411?", "reply_message": "Here, I am planning to do a project about healthy diets, are you willing to join me?", "reply_img": "", "reply_date": "2019-02-23T10:53:06.086Z", "parent_reply": null}}, {"model": "housing.reply", "pk": 25, "fields": {"renter": 12, "post": 1, "reply_subject": "Re:Party tonight", "reply_message": "Sure! Willing to come !", "reply_img": "", "reply_date": "2019-02-21T08:53:29.117Z", "parent_reply": null}}]